val_case,val_pdb,nearest_train_protein,protein_identity,thr,status,reason,knn_f1,knn_recall,knn_precision,knn_tp,both_ge40
1m5p_G_C,1m5p,2oj3,0.957,0.4,scored,"p_map=92,r_map=67,pred_n=38",0.0,0.0,0.0,0,0
1m8w_F_D,1m8w,,0.0,0.4,no_protein_neighbor,,,,,,0
21bh_G_M,21bh,9nh6,0.246,0.4,skipped_low_identity,,,,,,0
2b2d_C_A,2b2d,1zdj,0.934,0.4,scored,"p_map=129,r_map=8,pred_n=17",0.0,0.0,0.0,0,0
3bo4_D_A,3bo4,3ucz,0.95,0.4,scored,"p_map=91,r_map=87,pred_n=57",0.875,0.8909090909090909,0.8596491228070176,49,0
3gtm_B_M,3gtm,4a3k,0.968,0.4,scored,"p_map=1102,r_map=7,pred_n=17",0.5853658536585366,0.5,0.7058823529411765,12,1
3ud4_A_B,3ud4,3ucz,0.954,0.4,scored,"p_map=87,r_map=91,pred_n=57",0.9565217391304347,0.9482758620689655,0.9649122807017544,55,1
4dv1_U_A,4dv1,9dfe,0.942,0.4,scored,"p_map=14,r_map=1487,pred_n=25",0.0,0.0,0.0,0,1
4k4s_A_D,4k4s,5f8l,0.722,0.4,scored,"p_map=458,r_map=4,pred_n=13",0.0,0.0,0.0,0,0
5dox_TA_FA,5dox,1hnw,0.953,0.4,missing_val_contacts,val_contact_json_absent,,,,,1
5f9f_A_B,5f9f,8g7u,0.975,0.4,scored,"p_map=621,r_map=20,pred_n=49",0.0,0.0,0.0,0,0
5v7q_X_G,5v7q,8vr4,0.721,0.4,missing_val_contacts,val_contact_json_absent,,,,,0
6g4s_S_A,6g4s,9ruc,0.98,0.4,missing_val_contacts,val_contact_json_absent,,,,,1
6hct_G_E,6hct,8hkx,0.613,0.4,scored,"p_map=65,r_map=11,pred_n=0",0.0,0.0,0.0,0,0
6n8m_H_A,6n8m,8agz,0.934,0.4,missing_val_contacts,val_contact_json_absent,,,,,1
6nut_A_B,6nut,,0.0,0.4,no_protein_neighbor,,,,,,0
6ppp_C_A,6ppp,5zwo,0.488,0.4,scored,"p_map=50,r_map=6,pred_n=4",0.28571428571428575,0.2,0.5,2,0
6qw6_Y_N,6qw6,,0.0,0.4,no_protein_neighbor,,,,,,0
6s6b_K_L,6s6b,,0.0,0.4,no_protein_neighbor,,,,,,0
6wnv_N_YA,6wnv,9ax8,0.963,0.4,missing_val_contacts,val_contact_json_absent,,,,,1
7bhp_OA_A,7bhp,8idy,0.975,0.4,missing_val_contacts,val_contact_json_absent,,,,,1
7c08_A_C,7c08,,0.0,0.4,no_protein_neighbor,,,,,,0
7n3o_A_B,7n3o,,0.0,0.4,no_protein_neighbor,,,,,,0
7orl_B_A,7orl,7orn,0.967,0.4,scored,"p_map=1700,r_map=12,pred_n=108",0.0,0.0,0.0,0,0
7p7u_V_J,7p7u,1nwx,0.556,0.4,missing_val_contacts,val_contact_json_absent,,,,,0
7py3_D_G,7py3,9guw,0.942,0.4,scored,"p_map=173,r_map=11,pred_n=0",0.0,0.0,0.0,0,1
7q3l_G_E,7q3l,,0.0,0.4,no_protein_neighbor,,,,,,0
7rim_G_C,7rim,4a3k,0.96,0.4,scored,"p_map=1102,r_map=7,pred_n=17",0.48780487804878053,0.4166666666666667,0.5882352941176471,10,0
7uwe_F_A,7uwe,9guw,0.952,0.4,scored,"p_map=171,r_map=10,pred_n=0",0.0,0.0,0.0,0,0
7uzx_A_H,7uzx,9g9a,0.701,0.4,scored,"p_map=177,r_map=25,pred_n=51",0.0,0.0,0.0,0,0
7v9u_A_D,7v9u,9kk2,0.245,0.4,skipped_low_identity,,,,,,0
7y7q_A_D,7y7q,,0.0,0.4,no_protein_neighbor,,,,,,0
8b0j_A_G,8b0j,,0.0,0.4,no_protein_neighbor,,,,,,0
8bws_E_S,8bws,4a3k,0.96,0.4,scored,"p_map=948,r_map=7,pred_n=17",0.6666666666666667,0.5909090909090909,0.7647058823529411,13,0
8g4i_T_A,8g4i,9j9i,0.41,0.4,scored,"p_map=31,r_map=1411,pred_n=81",0.0,0.0,0.0,0,0
8h67_E_B,8h67,,0.0,0.4,no_protein_neighbor,,,,,,0
8i0w_WA_I,8i0w,,0.0,0.4,no_protein_neighbor,,,,,,0
8k59_A_I,8k59,9guw,0.952,0.4,scored,"p_map=171,r_map=5,pred_n=0",0.0,0.0,0.0,0,0
8k5p_A_L,8k5p,5c3e,0.945,0.4,scored,"p_map=614,r_map=9,pred_n=13",0.0,0.0,0.0,0,0
8pkl_G_H,8pkl,9cg5,0.944,0.4,missing_val_contacts,val_contact_json_absent,,,,,1
8u72_N_B,8u72,8spo,0.852,0.4,scored,"p_map=398,r_map=17,pred_n=27",0.36666666666666664,0.3333333333333333,0.4074074074074074,11,0
9h9n_G_A,9h9n,3jbu,0.963,0.4,scored,"p_map=24,r_map=1066,pred_n=8",0.0,0.0,0.0,0,1
9jwk_A_B,9jwk,7s4x,0.25,0.4,skipped_low_identity,,,,,,0
9k11_D_C,9k11,9k13,0.945,0.4,scored,"p_map=620,r_map=8,pred_n=9",0.0,0.0,0.0,0,0
9k31_A_C,9k31,,0.0,0.4,no_protein_neighbor,,,,,,0
9kbz_A_C,9kbz,,0.0,0.4,no_protein_neighbor,,,,,,0
9mna_C_E,9mna,9mn8,0.966,0.4,scored,"p_map=968,r_map=8,pred_n=24",0.5660377358490567,0.5172413793103449,0.625,15,1
9oy8_B_A,9oy8,8cdu,0.542,0.4,missing_val_contacts,val_contact_json_absent,,,,,1
9pij_J_F,9pij,9ax8,0.93,0.4,missing_val_contacts,val_contact_json_absent,,,,,1
9yck_B_C,9yck,9ycn,1.0,0.4,scored,"p_map=128,r_map=24,pred_n=3",0.0784313725490196,0.041666666666666664,0.6666666666666666,2,0
