name,status_base,status_psmp,F1_base_fa,F1_psmp_fa,recall_base_fa,recall_psmp_fa,ilddt_base_fa,ilddt_psmp_fa,n_samples_base,n_samples_psmp
1m5p_G_C,evaluable,evaluable,0.0,0.05000000000000001,0.0,0.05,0.23198661825284841,0.3213361431909406,5,5
1m8w_F_D,evaluable,evaluable,0.9361702127659574,0.9052631578947369,0.9565217391304348,0.9347826086956522,0.9654497684938509,0.9376722820650047,5,5
21bh_G_M,evaluable,evaluable,0.0,0.0,0.0,0.0,0.16472941549545803,0.17797173767263091,1,1
2b2d_C_A,evaluable,evaluable,0.0,0.0,0.0,0.0,0.4777195027195027,0.4712995337995337,5,5
3bo4_D_A,evaluable,evaluable,0.0,0.19834710743801653,0.0,0.21818181818181817,0.27276628641249007,0.6188836278161634,5,5
3gtm_B_M,evaluable,evaluable,0.0,0.0,0.0,0.0,0.2075431801994302,0.20848205613830614,1,1
3ud4_A_B,evaluable,evaluable,0.0,0.06837606837606837,0.0,0.06896551724137931,0.23674327563531072,0.2891504041384918,5,5
4dv1_U_A,evaluable,evaluable,0.0,0.0,0.0,0.0,0.18789438073432543,0.17773109612301752,1,1
4k4s_A_D,evaluable,evaluable,0.19047619047619047,0.0,0.5,0.0,0.4375,0.2986111111111111,5,5
5dox_TA_FA,missing_prediction,missing_prediction,0.0,0.0,0.0,0.0,0.0,0.0,0,0
5f9f_A_B,evaluable,evaluable,0.03347280334728034,0.0,0.037037037037037035,0.0,0.2024406414957586,0.20981382237783178,1,1
6g4s_S_A,missing_prediction,missing_prediction,0.0,0.0,0.0,0.0,0.0,0.0,0,0
6hct_G_E,evaluable,evaluable,0.029411764705882353,0.024096385542168672,0.03333333333333333,0.03333333333333333,0.2251291130367217,0.2672805375570721,5,5
6nut_A_B,evaluable,evaluable,0.09523809523809522,0.0,0.08163265306122448,0.0,0.22442761172969203,0.20605838754794484,5,5
6ppp_C_A,evaluable,evaluable,0.0,0.0,0.0,0.0,0.20124007936507934,0.173015873015873,5,5
6qw6_Y_N,missing_prediction,missing_prediction,0.0,0.0,0.0,0.0,0.0,0.0,0,0
6s6b_K_L,missing_prediction,missing_prediction,0.0,0.0,0.0,0.0,0.0,0.0,0,0
6wnv_N_YA,missing_prediction,missing_prediction,0.0,0.0,0.0,0.0,0.0,0.0,0,0
7c08_A_C,evaluable,evaluable,0.024390243902439025,0.04597701149425287,0.022727272727272728,0.045454545454545456,0.31386250205449123,0.3143627223300128,5,5
7n3o_A_B,evaluable,evaluable,0.0,0.0,0.0,0.0,0.18601911860390524,0.18254104871592622,5,5
7orl_B_A,evaluable,evaluable,0.0,0.0,0.0,0.0,0.18111266329275336,0.18999667379678234,5,5
7py3_D_G,evaluable,evaluable,0.0,0.0,0.0,0.0,0.2024166185798961,0.1823739967280637,1,1
7q3l_G_E,evaluable,evaluable,0.0,0.0,0.0,0.0,0.20801010186514385,0.19526566842743312,1,1
7uwe_F_A,evaluable,evaluable,0.0,0.0,0.0,0.0,0.14968652881938888,0.13876490030141148,5,5
7uzx_A_H,evaluable,evaluable,0.0,0.01923076923076923,0.0,0.02040816326530612,0.23196471270435573,0.2502566940785538,5,5
7v9u_A_D,evaluable,evaluable,0.0,0.0,0.0,0.0,0.29580275107245557,0.27749605640000763,5,5
7y7q_A_D,evaluable,evaluable,0.0,0.0,0.0,0.0,0.1712268551554266,0.19083231583231586,5,5
8b0j_A_G,evaluable,evaluable,0.0,0.0,0.0,0.0,0.18712700343135125,0.20874046696057566,5,5
8g4i_T_A,evaluable,evaluable,0.0,0.0,0.0,0.0,0.16761072284881928,0.18594466210176985,1,1
8h67_E_B,evaluable,evaluable,0.016528925619834708,0.01694915254237288,0.019230769230769232,0.019230769230769232,0.1889754611814517,0.23108303649035675,5,5
8i0w_WA_I,missing_prediction,missing_prediction,0.0,0.0,0.0,0.0,0.0,0.0,0,0
8k59_A_I,evaluable,evaluable,0.0,0.0,0.0,0.0,0.11780229929206908,0.12854604545781015,1,1
8k5p_A_L,evaluable,evaluable,0.0,0.0,0.0,0.0,0.2106512592960445,0.20699606097269604,1,1
8u72_N_B,evaluable,evaluable,0.023529411764705882,0.0,0.016129032258064516,0.0,0.2095304440362361,0.20932331046959826,1,1
9h9n_G_A,evaluable,evaluable,0.0,0.005319148936170212,0.0,0.007575757575757576,0.23294759989290306,0.23386036862334905,5,5
9jwk_A_B,evaluable,evaluable,0.0,0.01076426264800861,0.0,0.011764705882352941,0.183093906731795,0.1823992602511613,5,5
9k11_D_C,evaluable,evaluable,0.0,0.0,0.0,0.0,0.23079004329004327,0.15590503246753246,1,1
9k31_A_C,evaluable,evaluable,0.008928571428571428,0.020790020790020788,0.012048192771084338,0.030120481927710843,0.19580387005672875,0.19325475702788195,5,5
9kbz_A_C,evaluable,evaluable,0.0,0.0,0.0,0.0,0.23875715249498974,0.2401207726782694,5,5
9mna_C_E,evaluable,evaluable,0.0,0.0,0.0,0.0,0.2181425518925519,0.23313057313057314,5,5
9oy8_B_A,missing_prediction,missing_prediction,0.0,0.0,0.0,0.0,0.0,0.0,0,0
9pij_J_F,missing_prediction,missing_prediction,0.0,0.0,0.0,0.0,0.0,0.0,0,0
9yck_B_C,evaluable,evaluable,0.019607843137254905,0.0,0.020833333333333332,0.0,0.2104994842128529,0.1660493478007612,5,5
