case	pdb_id	subset	gallery	protein_len	rna_len	nearest_protein	protein_identity	protein_qcov	protein_tcov	nearest_rna	rna_identity	rna_qcov	rna_tcov	protein_ge30	protein_ge40	rna_ge30	rna_ge40	both_ge30	both_ge40
10be_A_B	10be	Temporal15	train200	792	10		0.0000				0.0000			0	0	0	0	0	0
10fb_A_C	10fb	Temporal15	train200	375	84		0.0000				0.0000			0	0	0	0	0	0
11hx_A_C	11hx	Temporal15	train200	433	8	9nvu	0.3910	0.945	0.851		0.0000			1	0	0	0	0	0
12sn_A_T	12sn	Temporal15	train200	882	12	7ozv	0.9680	1.000	0.977		0.0000			1	1	0	0	0	0
13fo_D_T	13fo	Temporal15	train200	327	73		0.0000			5ib7	0.8080	1.000	0.961	0	0	1	1	0	0
22av_A_B	22av	Temporal15	train200	579	39		0.0000				0.0000			0	0	0	0	0	0
22ax_A_B	22ax	Temporal34_only	train200	579	39		0.0000				0.0000			0	0	0	0	0	0
23or_A_C	23or	Temporal34_only	train200	367	63		0.0000				0.0000			0	0	0	0	0	0
30gt_H_1	30gt	Temporal15	train200	198	60		0.0000				0.0000			0	0	0	0	0	0
9lbq_A_C	9lbq	Temporal34_only	train200	319	63		0.0000				0.0000			0	0	0	0	0	0
9lje_A_B	9lje	Temporal15	train200	417	153		0.0000				0.0000			0	0	0	0	0	0
9ows_B_A	9ows	Temporal15	train200	116	417	9zig	1.0000	1.000	1.000	9zii	1.0000	1.000	1.000	1	1	1	1	1	1
9owt_B_A	9owt	Temporal34_only	train200	116	417	9zig	1.0000	1.000	1.000	9zii	1.0000	1.000	1.000	1	1	1	1	1	1
9owu_B_A	9owu	Temporal34_only	train200	116	417	9zig	1.0000	1.000	1.000	9zii	1.0000	1.000	1.000	1	1	1	1	1	1
9owv_B_A	9owv	Temporal34_only	train200	116	417	9zig	1.0000	1.000	1.000	9zii	1.0000	1.000	1.000	1	1	1	1	1	1
9oww_B_A	9oww	Temporal34_only	train200	116	417	9zig	1.0000	1.000	1.000	9zii	1.0000	1.000	1.000	1	1	1	1	1	1
9owx_B_A	9owx	Temporal34_only	train200	116	417	9zig	1.0000	1.000	1.000	9zii	1.0000	1.000	1.000	1	1	1	1	1	1
9owy_B_A	9owy	Temporal34_only	train200	116	417	9zig	1.0000	1.000	1.000	9zii	1.0000	1.000	1.000	1	1	1	1	1	1
9q0z_A_D	9q0z	Temporal34_only	train200	928	4	7uy6	0.2110	0.633	0.594		0.0000			0	0	0	0	0	0
9q10_A_D	9q10	Temporal34_only	train200	942	4	7uy6	0.2110	0.638	0.594		0.0000			0	0	0	0	0	0
9q11_A_D	9q11	Temporal34_only	train200	951	4		0.0000				0.0000			0	0	0	0	0	0
9q12_A_D	9q12	Temporal34_only	train200	934	6	7uy6	0.2110	0.635	0.594		0.0000			0	0	0	0	0	0
9q14_A_D	9q14	Temporal34_only	train200	951	6		0.0000				0.0000			0	0	0	0	0	0
9q16_F_B	9q16	Temporal15	train200	90	209	9j0n	0.9880	0.989	0.706		0.0000			1	1	0	0	0	0
9q17_F_B	9q17	Temporal34_only	train200	90	209	9j0n	0.9880	0.989	0.706		0.0000			1	1	0	0	0	0
9q18_A_D	9q18	Temporal34_only	train200	951	6		0.0000				0.0000			0	0	0	0	0	0
9q19_G_B	9q19	Temporal34_only	train200	82	209	9j0n	0.9870	1.000	0.631		0.0000			1	1	0	0	0	0
9rv1_H_1	9rv1	Temporal15	train200	378	6	8enk	0.9830	0.971	0.956		0.0000			1	1	0	0	0	0
9wn8_E_G	9wn8	Temporal15	train200	354	63		0.0000				0.0000			0	0	0	0	0	0
9ypf_C_G	9ypf	Temporal15	train200	313	22		0.0000				0.0000			0	0	0	0	0	0
9z7q_B_N	9z7q	Temporal15	train200	360	38		0.0000				0.0000			0	0	0	0	0	0
9z7v_I_N	9z7v	Temporal34_only	train200	325	38		0.0000				0.0000			0	0	0	0	0	0
9z7x_I_N	9z7x	Temporal34_only	train200	339	38		0.0000				0.0000			0	0	0	0	0	0
9zy1_C_E	9zy1	Temporal15	train200	183	8		0.0000				0.0000			0	0	0	0	0	0
